<?xml version="1.0" encoding="UTF-8" ?>
<odoo noupdate="1">

    <record id="group_st" model="res.groups">
        <field name="name">Member of Group ST</field>
        <field name="users" eval="[(4, ref('base.user_root')), (4, ref('base.user_admin'))]"/>
    </record>
    <record id="group_kh" model="res.groups">
        <field name="name">Member of Group KH</field>
        <field name="users" eval="[(4, ref('base.user_root')), (4, ref('base.user_admin'))]"/>
    </record>
    <record id="group_tc" model="res.groups">
        <field name="name">Member of Group TC</field>
        <field name="users" eval="[(4, ref('base.user_root')), (4, ref('base.user_admin'))]"/>
    </record>    
    
</odoo>