<?xml version="1.0" encoding="utf-8"?>
<!--
     Author   => Albertus Restiyanto Pramayudha
     email    => xabre0010@gmail.com
     linkedin => https://www.linkedin.com/in/albertus-restiyanto-pramayudha-470261a8/
     youtube  => https://www.youtube.com/channel/UCCtgLDIfqehJ1R8cohMeTXA
-->
<templates id="template" xml:space="preserve">

<t t-extend="main_menu">
    <t t-jquery="img" t-operation="replace">
        <div class="o_stock_mobile_rfid_container">
            <t t-if='widget.mobileMethods.scanRfid'>
                <button class="btn btn-primary o_stock_mobile_barcode"><i class="fa fa-camera fa-2x o_mobile_rfid_camera"></i> Tap to scan</button>
            </t>
            <img src="/yudha_rfid_base/static/img/rfid.png" alt="Rfid"/>
        </div>
    </t>
</t>

<t t-extend="stock_rfid_lines_widget">
    <t t-jquery=".o_rfid_pic" t-operation="append">
        <t t-if='widget.mobileMethods.scanRfid'>
            <div class="o_stock_mobile_rfid"/> <!-- Used to open the device scanner -->
            <span> Tap to scan</span>
        </t>
    </t>
</t>

</templates>
